{
  "base_config": "configs/experiments/full_icews18.yaml",
  "dataset": "ICEWS18",
  "model": "RE-GCN",
  "sigmas": [
    0.0,
    0.5,
    1.0,
    2.0
  ],
  "rows": [
    {
      "sigma": 0.0,
      "MRR": 0.42100000000000004,
      "TVR": 0.159,
      "MRR_pct": 42.1,
      "TVR_pct": 15.9
    },
    {
      "sigma": 0.5,
      "MRR": 0.39799999999999996,
      "TVR": 0.20199999999999999,
      "MRR_pct": 39.8,
      "TVR_pct": 20.2
    },
    {
      "sigma": 1.0,
      "MRR": 0.35600000000000004,
      "TVR": 0.278,
      "MRR_pct": 35.6,
      "TVR_pct": 27.8
    },
    {
      "sigma": 2.0,
      "MRR": 0.301,
      "TVR": 0.385,
      "MRR_pct": 30.1,
      "TVR_pct": 38.5
    }
  ]
}